Question_Answer,Relevance,Clarity,Completeness,Groundedness,Hallucination,Comments
"What is the capital of France? | The capital of France is Paris.",True, True, True, True, False, "Accurate and complete answer."
"Who wrote 'Pride and Prejudice'? | 'Pride and Prejudice' was written by Jane Austen.",True, True, True, True, False, "Correct author attribution."
"What is the largest planet in our solar system? | The largest planet in our solar system is Jupiter.",True, True, True, True, False, "Factual and well-explained."
"What is the boiling point of water? | The boiling point of water is 100 degrees Celsius at standard atmospheric pressure.",True, True, True, True, False, "Scientifically accurate."
"Who painted the Mona Lisa? | The Mona Lisa was painted by Leonardo da Vinci.",True, True, True, True, False, "Correct historical information."